{"version": 2, "width": 173, "height": 44, "timestamp": 1774871885, "env": {"SHELL": "/bin/bash", "TERM": "xterm-256color"}}
[0.018941, "o", "\u001b[?2004h\u001b]0;skrynchenko@DESKTOP-R16II9R: ~/frontend-project-44\u0007\u001b[01;32mskrynchenko@DESKTOP-R16II9R\u001b[00m:\u001b[01;34m~/frontend-project-44\u001b[00m$ "]
[2.302847, "o", "b"]
[3.09951, "o", "r"]
[3.290541, "o", "a"]
[4.152975, "o", "i"]
[4.502817, "o", "n"]
[5.214921, "o", "-"]
[5.735432, "o", "c"]
[6.252292, "o", "alc "]
[7.084087, "o", "\r\n\u001b[?2004l\r"]
[7.132263, "o", "Welcome to the Brain Games!\r\n"]
[7.137083, "o", "May I have your name? "]
[8.66301, "o", "S"]
[9.144278, "o", "t"]
[9.335942, "o", "a"]
[9.562711, "o", "s"]
[10.366999, "o", "\r\n"]
[10.367785, "o", "Hello, Stas!\r\nWhat is the result of the expression?\r\n"]
[10.368172, "o", "Question: 10 - 32\r\n"]
[10.368646, "o", "Your answer: "]
[13.429796, "o", "-"]
[15.024655, "o", "2"]
[15.208976, "o", "2"]
[15.872582, "o", "\r\n"]
[15.872994, "o", "Correct!\r\n"]
[15.873301, "o", "Question: 45 + 56\r\n"]
[15.873563, "o", "Your answer: "]
[19.654356, "o", "1"]
[20.134611, "o", "0"]
[20.284911, "o", "1"]
[20.915284, "o", "\r\n"]
[20.915432, "o", "Correct!\r\n"]
[20.915792, "o", "Question: 74 - 27\r\n"]
[20.916283, "o", "Your answer: "]
[42.107679, "o", "4"]
[42.345519, "o", "7"]
[43.065626, "o", "\r\n"]
[43.065958, "o", "Correct!\r\n"]
[43.066126, "o", "Congratulations, Stas!\r\n"]
[43.073906, "o", "\u001b[?2004h\u001b]0;skrynchenko@DESKTOP-R16II9R: ~/frontend-project-44\u0007\u001b[01;32mskrynchenko@DESKTOP-R16II9R\u001b[00m:\u001b[01;34m~/frontend-project-44\u001b[00m$ "]
[46.523654, "o", "b"]
[47.297657, "o", "r"]
[47.454911, "o", "a"]
[48.022385, "o", "i"]
[48.406792, "o", "n"]
[48.968749, "o", "-"]
[49.545625, "o", "c"]
[50.009914, "o", "alc "]
[50.852134, "o", "\r\n\u001b[?2004l\r"]
[50.905109, "o", "Welcome to the Brain Games!\r\n"]
[50.908032, "o", "May I have your name? "]
[52.560441, "o", "S"]
[53.033276, "o", "t"]
[53.204803, "o", "a"]
[53.449889, "o", "s"]
[54.145361, "o", "\r\n"]
[54.14587, "o", "Hello, Stas!\r\n"]
[54.146012, "o", "What is the result of the expression?\r\n"]
[54.146477, "o", "Question: 61 + 77\r\n"]
[54.146762, "o", "Your answer: "]
[59.574709, "o", "1"]
[59.857243, "o", "3"]
[60.270191, "o", "8"]
[60.767487, "o", "\r\n"]
[60.767874, "o", "Correct!\r\n"]
[60.768016, "o", "Question: 40 - 70\r\n"]
[60.768328, "o", "Your answer: "]
[63.353226, "o", "-"]
[64.69064, "o", "3"]
[65.006472, "o", "0"]
[65.833302, "o", "\r\n"]
[65.833816, "o", "Correct!\r\nQuestion: 20 * 34\r\nYour answer: "]
[73.253323, "o", "6"]
[73.478471, "o", "8"]
[73.86858, "o", "1"]
[74.57728, "o", "\r\n"]
[74.577666, "o", "'681' is wrong answer ;(. Correct answer was '680'.\r\n"]
[74.577804, "o", "Let's try again, Stas!\r\n"]
[74.585567, "o", "\u001b[?2004h\u001b]0;skrynchenko@DESKTOP-R16II9R: ~/frontend-project-44\u0007\u001b[01;32mskrynchenko@DESKTOP-R16II9R\u001b[00m:\u001b[01;34m~/frontend-project-44\u001b[00m$ "]
[77.227616, "o", "\u001b[?2004l\r\r\nexit\r\n"]
