{"version": 2, "width": 173, "height": 44, "timestamp": 1774866516, "env": {"SHELL": "/bin/bash", "TERM": "xterm-256color"}}
[0.047515, "o", "\u001b[?2004h\u001b]0;skrynchenko@DESKTOP-R16II9R: ~/frontend-project-44\u0007\u001b[01;32mskrynchenko@DESKTOP-R16II9R\u001b[00m:\u001b[01;34m~/frontend-project-44\u001b[00m$ "]
[7.048549, "o", "sudo npm link"]
[8.043476, "o", "\r\n\u001b[?2004l\r"]
[8.083362, "o", "[sudo] password for skrynchenko: "]
[15.699045, "o", "\r\n"]
[17.113086, "o", "⠙"]
[17.195648, "o", "\u001b[1G\u001b[0K⠹"]
[17.274258, "o", "\u001b[1G\u001b[0K⠸"]
[17.377152, "o", "\u001b[1G\u001b[0K"]
[17.377423, "o", "⠼"]
[17.457253, "o", "\u001b[1G\u001b[0K⠴"]
[17.539087, "o", "\u001b[1G\u001b[0K⠦"]
[17.618005, "o", "\u001b[1G\u001b[0K⠧"]
[17.700707, "o", "\u001b[1G\u001b[0K⠇"]
[17.783019, "o", "\u001b[1G\u001b[0K⠏"]
[17.861976, "o", "\u001b[1G\u001b[0K⠋"]
[17.934681, "o", "\u001b[1G\u001b[0K\r\nup to date, audited 3 packages in 2s\r\n⠋"]
[17.937241, "o", "\u001b[1G\u001b[0K\r\nfound \u001b[32m\u001b[1m0\u001b[22m\u001b[39m vulnerabilities\r\n⠋"]
[17.941077, "o", "\u001b[1G\u001b[0K"]
[17.967379, "o", "\u001b[?2004h\u001b]0;skrynchenko@DESKTOP-R16II9R: ~/frontend-project-44\u0007\u001b[01;32mskrynchenko@DESKTOP-R16II9R\u001b[00m:\u001b[01;34m~/frontend-project-44\u001b[00m$ "]
[25.449226, "o", "brain-even"]
[26.759094, "o", "\r\n\u001b[?2004l\r"]
[26.813989, "o", "Welcome to the Brain Games!\r\n"]
[26.816468, "o", "May I have your name? "]
[28.735524, "o", "S"]
[29.669896, "o", "t"]
[29.815696, "o", "a"]
[30.000562, "o", "t"]
[30.129855, "o", "s"]
[32.242957, "o", "\b \b"]
[32.399002, "o", "\b \b"]
[33.172576, "o", "s"]
[33.50104, "o", "\r\n"]
[33.501741, "o", "Hello, Stas!\r\nAnswer \"yes\" if the number is even, otherwise answer \"no\".\r\n"]
[33.502453, "o", "Question: 81\r\nYour answer: "]
[37.034956, "o", "n"]
[37.189256, "o", "o"]
[37.984478, "o", "\r\n"]
[37.984909, "o", "Correct!\r\n"]
[37.985007, "o", "Question: 65\r\n"]
[37.985318, "o", "Your answer: "]
[39.720419, "o", "n"]
[39.902189, "o", "o"]
[40.464614, "o", "\r\n"]
[40.464905, "o", "Correct!\r\n"]
[40.465141, "o", "Question: 89\r\n"]
[40.465442, "o", "Your answer: "]
[41.88441, "o", "n"]
[42.073554, "o", "o"]
[42.533816, "o", "\r\n"]
[42.534199, "o", "Correct!\r\n"]
[42.534362, "o", "Congratulations, Stas!\r\n"]
[42.550278, "o", "\u001b[?2004h\u001b]0;skrynchenko@DESKTOP-R16II9R: ~/frontend-project-44\u0007\u001b[01;32mskrynchenko@DESKTOP-R16II9R\u001b[00m:\u001b[01;34m~/frontend-project-44\u001b[00m$ "]
[44.418289, "o", "brain-even"]
[45.412628, "o", "\r\n\u001b[?2004l\r"]
[45.467, "o", "Welcome to the Brain Games!\r\n"]
[45.469158, "o", "May I have your name? "]
[47.448618, "o", "S"]
[47.988296, "o", "t"]
[48.134967, "o", "a"]
[48.809147, "o", "s"]
[49.538942, "o", "\r\n"]
[49.539569, "o", "Hello, Stas!\r\n"]
[49.539991, "o", "Answer \"yes\" if the number is even, otherwise answer \"no\".\r\n"]
[49.540265, "o", "Question: 99\r\n"]
[49.540501, "o", "Your answer: "]
[51.425927, "o", "n"]
[51.561632, "o", "o"]
[52.076416, "o", "\r\n"]
[52.076846, "o", "Correct!\r\n"]
[52.076976, "o", "Question: 58\r\n"]
[52.07729, "o", "Your answer: "]
[53.903706, "o", "n"]
[54.060537, "o", "o"]
[54.887744, "o", "\r\n"]
[54.888038, "o", "'no' is wrong answer ;(. Correct answer was 'yes'.\r\n"]
[54.888259, "o", "Let's try again, Stas!\r\n"]
[54.895815, "o", "\u001b[?2004h\u001b]0;skrynchenko@DESKTOP-R16II9R: ~/frontend-project-44\u0007\u001b[01;32mskrynchenko@DESKTOP-R16II9R\u001b[00m:\u001b[01;34m~/frontend-project-44\u001b[00m$ "]
[58.221455, "o", "\u001b[?2004l\r\r\nexit\r\n"]
