{"version": 2, "width": 173, "height": 44, "timestamp": 1774882728, "env": {"SHELL": "/bin/bash", "TERM": "xterm-256color"}}
[0.053543, "o", "\u001b[?2004h\u001b]0;skrynchenko@DESKTOP-R16II9R: ~/frontend-project-44\u0007\u001b[01;32mskrynchenko@DESKTOP-R16II9R\u001b[00m:\u001b[01;34m~/frontend-project-44\u001b[00m$ "]
[2.365319, "o", "b"]
[3.279683, "o", "r"]
[3.435694, "o", "a"]
[4.017709, "o", "i"]
[4.35283, "o", "n"]
[5.108565, "o", "-"]
[5.414914, "o", "p"]
[5.982823, "o", "rogression "]
[6.818984, "o", "\r\n\u001b[?2004l\r"]
[7.217489, "o", "Welcome to the Brain Games!\r\n"]
[7.220424, "o", "May I have your name? "]
[8.824534, "o", "S"]
[9.355159, "o", "t"]
[9.659171, "o", "a"]
[9.877081, "o", "s"]
[10.78726, "o", "\r\n"]
[10.788015, "o", "Hello, Stas!\r\n"]
[10.788391, "o", "What number is missing in the progression?\r\n"]
[10.788489, "o", "Question: 7 10 .. 16 19 22\r\n"]
[10.788845, "o", "Your answer: "]
[14.706533, "o", "1"]
[15.066, "o", "3"]
[16.201132, "o", "\r\n"]
[16.201568, "o", "Correct!\r\n"]
[16.201753, "o", "Question: .. 7 12 17 22 27 32 37 42\r\n"]
[16.202063, "o", "Your answer: "]
[30.705988, "o", "2"]
[31.489078, "o", "\r\n"]
[31.489482, "o", "Correct!\r\nQuestion: 5 8 11 14 17 20 ..\r\n"]
[31.489736, "o", "Your answer: "]
[36.963326, "o", "2"]
[37.191516, "o", "3"]
[37.801025, "o", "\r\n"]
[37.801375, "o", "Correct!\r\n"]
[37.801704, "o", "Congratulations, Stas!\r\n"]
[37.818686, "o", "\u001b[?2004h\u001b]0;skrynchenko@DESKTOP-R16II9R: ~/frontend-project-44\u0007\u001b[01;32mskrynchenko@DESKTOP-R16II9R\u001b[00m:\u001b[01;34m~/frontend-project-44\u001b[00m$ "]
[40.47117, "o", "b"]
[40.963115, "o", "r"]
[41.126557, "o", "a"]
[41.700845, "o", "i"]
[42.06832, "o", "n"]
[43.106656, "o", "-"]
[43.313166, "o", "p"]
[43.901775, "o", "rogression "]
[44.887453, "o", "\r\n\u001b[?2004l\r"]
[44.956079, "o", "Welcome to the Brain Games!\r\n"]
[44.959191, "o", "May I have your name? "]
[46.902467, "o", "S"]
[47.449285, "o", "t"]
[47.633969, "o", "a"]
[47.832084, "o", "s"]
[48.594282, "o", "\r\n"]
[48.5949, "o", "Hello, Stas!\r\n"]
[48.595162, "o", "What number is missing in the progression?\r\n"]
[48.595369, "o", "Question: 2 7 12 17 22 27 32 37 42 ..\r\n"]
[48.59568, "o", "Your answer: "]
[55.644984, "o", "4"]
[55.940103, "o", "7"]
[56.66874, "o", "\r\n"]
[56.669292, "o", "Correct!\r\n"]
[56.669511, "o", "Question: 10 11 .. 13 14\r\n"]
[56.669883, "o", "Your answer: "]
[59.896187, "o", "1"]
[60.146946, "o", "3"]
[60.79084, "o", "\r\n"]
[60.791132, "o", "'13' is wrong answer ;(. Correct answer was '12'.\r\n"]
[60.791312, "o", "Let's try again, Stas!\r\n"]
[60.804396, "o", "\u001b[?2004h\u001b]0;skrynchenko@DESKTOP-R16II9R: ~/frontend-project-44\u0007\u001b[01;32mskrynchenko@DESKTOP-R16II9R\u001b[00m:\u001b[01;34m~/frontend-project-44\u001b[00m$ "]
[65.080212, "o", "\u001b[?2004l\r\r\nexit\r\n"]
