{"version": 2, "width": 173, "height": 44, "timestamp": 1774877228, "env": {"SHELL": "/bin/bash", "TERM": "xterm-256color"}}
[0.041496, "o", "\u001b[?2004h\u001b]0;skrynchenko@DESKTOP-R16II9R: ~/frontend-project-44\u0007\u001b[01;32mskrynchenko@DESKTOP-R16II9R\u001b[00m:\u001b[01;34m~/frontend-project-44\u001b[00m$ "]
[2.501825, "o", "b"]
[3.202477, "o", "r"]
[3.372614, "o", "a"]
[3.986371, "o", "i"]
[4.639089, "o", "n"]
[5.330919, "o", "-"]
[7.283229, "o", "g"]
[8.536081, "o", "c"]
[8.759848, "o", "d"]
[9.943161, "o", "\r\n\u001b[?2004l\r"]
[10.030651, "o", "Welcome to the Brain Games!\r\n"]
[10.040178, "o", "May I have your name? "]
[11.838009, "o", "S"]
[12.976266, "o", "t"]
[13.086025, "o", "a"]
[13.302749, "o", "s"]
[14.362843, "o", "\r\n"]
[14.363415, "o", "Hello, Stas!\r\n"]
[14.363789, "o", "Find the greatest common divisor of given numbers.\r\n"]
[14.363894, "o", "Question: 55 18\r\n"]
[14.364342, "o", "Your answer: "]
[19.98492, "o", "1"]
[20.85659, "o", "\r\n"]
[20.856962, "o", "Correct!\r\n"]
[20.857218, "o", "Question: 17 66\r\n"]
[20.857442, "o", "Your answer: "]
[24.894345, "o", "1"]
[25.599807, "o", "\r\n"]
[25.600093, "o", "Correct!\r\nQuestion: 30 55\r\n"]
[25.600501, "o", "Your answer: "]
[31.540037, "o", "5"]
[32.559947, "o", "\r\n"]
[32.560157, "o", "Correct!\r\n"]
[32.56042, "o", "Congratulations, Stas!\r\n"]
[32.568906, "o", "\u001b[?2004h\u001b]0;skrynchenko@DESKTOP-R16II9R: ~/frontend-project-44\u0007\u001b[01;32mskrynchenko@DESKTOP-R16II9R\u001b[00m:\u001b[01;34m~/frontend-project-44\u001b[00m$ "]
[35.650628, "o", "b"]
[36.319231, "o", "r"]
[36.468945, "o", "a"]
[37.064273, "o", "i"]
[37.556998, "o", "n"]
[38.691315, "o", "-"]
[39.637794, "o", "g"]
[40.444249, "o", "c"]
[40.817534, "o", "d"]
[43.504975, "o", "\r\n\u001b[?2004l\r"]
[43.569746, "o", "Welcome to the Brain Games!\r\n"]
[43.573859, "o", "May I have your name? "]
[45.02113, "o", "S"]
[45.869275, "o", "t"]
[46.093898, "o", "a"]
[46.350546, "o", "s"]
[47.251813, "o", "\r\n"]
[47.25247, "o", "Hello, Stas!\r\n"]
[47.252745, "o", "Find the greatest common divisor of given numbers.\r\n"]
[47.252966, "o", "Question: 31 54\r\n"]
[47.253166, "o", "Your answer: "]
[50.79669, "o", "1"]
[51.350151, "o", "\r\n"]
[51.350617, "o", "Correct!\r\n"]
[51.350789, "o", "Question: 20 74\r\n"]
[51.350883, "o", "Your answer: "]
[57.15273, "o", "1"]
[57.9152, "o", "\r\n"]
[57.915591, "o", "'1' is wrong answer ;(. Correct answer was '2'.\r\nLet's try again, Stas!\r\n"]
[57.924753, "o", "\u001b[?2004h\u001b]0;skrynchenko@DESKTOP-R16II9R: ~/frontend-project-44\u0007\u001b[01;32mskrynchenko@DESKTOP-R16II9R\u001b[00m:\u001b[01;34m~/frontend-project-44\u001b[00m$ "]
[60.880613, "o", "\u001b[?2004l\r\r\nexit\r\n"]
