{"version": 2, "width": 91, "height": 37, "timestamp": 1775029281, "env": {"SHELL": "/bin/bash", "TERM": "xterm-256color"}}
[0.023862, "o", "\u001b[?2004h\u001b]0;skrynchenko@DESKTOP-R16II9R: ~/frontend-project-44\u0007\u001b[01;32mskrynchenko@DESKTOP-R16II9R\u001b[00m:\u001b[01;34m~/frontend-project-44\u001b[00m$ "]
[9.736024, "o", "echo \"="]
[9.739783, "o", "== Установка пакета brai"]
[9.741633, "o", "n-games "]
[9.744632, "o", "===\""]
[10.863025, "o", "\r\n\u001b[?2004l\r"]
[10.863351, "o", "=== Установка пакета brain-games ===\r\n"]
[10.863692, "o", "\u001b[?2004h\u001b]0;skrynchenko@DESKTOP-R16II9R: ~/frontend-project-44\u0007\u001b[01;32mskrynchenko@DESKTOP-R16II9R\u001b[00m:\u001b[01;34m~/frontend-project-44\u001b[00m$ "]
[19.638166, "o", "npm install -g ."]
[22.5427, "o", "\r\n\u001b[?2004l\r"]
[22.858416, "o", "⠙"]
[22.936865, "o", "\u001b[1G\u001b[0K"]
[22.937227, "o", "⠹"]
[23.057696, "o", "\u001b[1G\u001b[0K⠸"]
[23.122543, "o", "\u001b[1G\u001b[0K"]
[23.122873, "o", "\r\nup to date in 495ms\r\n⠸"]
[23.125063, "o", "\u001b[1G\u001b[0K"]
[23.136324, "o", "\u001b[?2004h\u001b]0;skrynchenko@DESKTOP-R16II9R: ~/frontend-project-44\u0007\u001b[01;32mskrynchenko@DESKTOP-R16II9R\u001b[00m:\u001b[01;34m~/frontend-project-44\u001b[00m$ "]
[32.10981, "o", "echo \"=== Brai"]
[32.110106, "o", "n Even "]
[32.110455, "o", "Demo  ="]
[32.111392, "o", "==\""]
[34.798804, "o", "\r\n\u001b[?2004l\r"]
[34.799036, "o", "=== Brain Even Demo  ===\r\n"]
[34.799229, "o", "\u001b[?2004h\u001b]0;skrynchenko@DESKTOP-R16II9R: ~/frontend-project-44\u0007\u001b[01;32mskrynchenko@DESKTOP-R16II9R\u001b[00m:\u001b[01;34m~/frontend-project-44\u001b[00m$ "]
[36.814813, "o", "b"]
[37.509884, "o", "r"]
[37.708569, "o", "a"]
[38.322102, "o", "i"]
[38.956209, "o", "n"]
[40.73191, "o", "-"]
[41.602721, "o", "e"]
[42.118193, "o", "ven "]
[43.803582, "o", "\r\n\u001b[?2004l\r"]
[43.867089, "o", "Welcome to the Brain Games!\r\n"]
[43.869159, "o", "May I have your name? "]
[45.302759, "o", "S"]
[45.940408, "o", "t"]
[46.279547, "o", "a"]
[46.503479, "o", "s"]
[47.840998, "o", "\r\n"]
[47.841578, "o", "Hello, Stas!\r\n"]
[47.841895, "o", "Answer \"yes\" if the number is even, otherwise answer \"no\".\r\n"]
[47.841987, "o", "Question: 1\r\n"]
[47.842445, "o", "Your answer: "]
[50.599893, "o", "n"]
[50.705252, "o", "o"]
[51.960497, "o", "\r\n"]
[51.960976, "o", "Correct!\r\n"]
[51.961284, "o", "Question: 70\r\nYour answer: "]
[54.17949, "o", "y"]
[54.373812, "o", "e"]
[54.732696, "o", "s"]
[55.655427, "o", "\r\n"]
[55.6557, "o", "Correct!\r\n"]
[55.655851, "o", "Question: 58\r\n"]
[55.656272, "o", "Your answer: "]
[58.310164, "o", "y"]
[58.499285, "o", "e"]
[58.779454, "o", "s"]
[59.973926, "o", "\r\n"]
[59.974333, "o", "Correct!\r\n"]
[59.9747, "o", "Congratulations, Stas!\r\n"]
[59.981229, "o", "\u001b[?2004h\u001b]0;skrynchenko@DESKTOP-R16II9R: ~/frontend-project-44\u0007\u001b[01;32mskrynchenko@DESKTOP-R16II9R\u001b[00m:\u001b[01;34m~/frontend-project-44\u001b[00m$ "]
[62.23178, "o", "b"]
[62.90136, "o", "r"]
[63.12053, "o", "a"]
[63.671325, "o", "i"]
[64.04773, "o", "n"]
[65.315424, "o", "-"]
[65.856706, "o", "e"]
[66.386935, "o", "ven "]
[68.411278, "o", "\r\n\u001b[?2004l\r"]
[68.458988, "o", "Welcome to the Brain Games!\r\n"]
[68.46127, "o", "May I have your name? "]
[70.029226, "o", "S"]
[70.785945, "o", "t"]
[70.950584, "o", "a"]
[71.250347, "o", "s"]
[72.016569, "o", "\r\n"]
[72.017231, "o", "Hello, Stas!\r\n"]
[72.017588, "o", "Answer \"yes\" if the number is even, otherwise answer \"no\".\r\n"]
[72.017682, "o", "Question: 65\r\n"]
[72.018108, "o", "Your answer: "]
[79.497919, "o", "n"]
[79.622716, "o", "o"]
[80.604443, "o", "\r\n"]
[80.604965, "o", "Correct!\r\n"]
[80.605249, "o", "Question: 3\r\n"]
[80.605542, "o", "Your answer: "]
[82.509004, "o", "n"]
[82.651773, "o", "o"]
[83.283701, "o", "\r\n"]
[83.284014, "o", "Correct!\r\n"]
[83.284293, "o", "Question: 93\r\n"]
[83.284615, "o", "Your answer: "]
[85.358446, "o", "y"]
[85.623336, "o", "e"]
[85.951546, "o", "s"]
[86.811254, "o", "\r\n"]
[86.811363, "o", "'yes' is wrong answer ;(. Correct answer was 'no'.\r\n"]
[86.811733, "o", "Let's try again, Stas!\r\n"]
[86.819688, "o", "\u001b[?2004h\u001b]0;skrynchenko@DESKTOP-R16II9R: ~/frontend-project-44\u0007\u001b[01;32mskrynchenko@DESKTOP-R16II9R\u001b[00m:\u001b[01;34m~/frontend-project-44\u001b[00m$ "]
[97.240031, "o", "echo \"=== Brai"]
[97.240718, "o", "n Calc Demo =="]
[97.241157, "o", "=\""]
[98.591217, "o", "\r\n\u001b[?2004l\r"]
[98.591656, "o", "=== Brain Calc Demo ===\r\n"]
[98.591996, "o", "\u001b[?2004h\u001b]0;skrynchenko@DESKTOP-R16II9R: ~/frontend-project-44\u0007\u001b[01;32mskrynchenko@DESKTOP-R16II9R\u001b[00m:\u001b[01;34m~/frontend-project-44\u001b[00m$ "]
[100.409389, "o", "b"]
[101.365319, "o", "r"]
[101.536121, "o", "a"]
[102.192111, "o", "i"]
[102.54994, "o", "n"]
[103.696682, "o", "-"]
[104.735066, "o", "c"]
[104.990784, "o", "a"]
[106.092049, "o", "lc "]
[106.971772, "o", "\r\n\u001b[?2004l\r"]
[107.021163, "o", "Welcome to the Brain Games!\r\n"]
[107.023712, "o", "May I have your name? "]
[108.574022, "o", "s"]
[109.066535, "o", "t"]
[109.328371, "o", "a"]
[109.538406, "o", "s"]
[110.702569, "o", "\\"]
[111.487478, "o", "\b \b"]
[111.675478, "o", "\b \b"]
[111.815247, "o", "\b \b"]
[111.981939, "o", "\b \b"]
[112.133059, "o", "\b \b"]
[113.128781, "o", "S"]
[113.760545, "o", "t"]
[113.926843, "o", "a"]
[114.114028, "o", "t"]
[115.031568, "o", "\b \b"]
[115.394474, "o", "s"]
[116.195386, "o", "\r\n"]
[116.196175, "o", "Hello, Stas!\r\nWhat is the result of the expression?\r\n"]
[116.19673, "o", "Question: 3 * 5\r\n"]
[116.197056, "o", "Your answer: "]
[118.632937, "o", "1"]
[118.945957, "o", "5"]
[120.016473, "o", "\r\n"]
[120.01698, "o", "Correct!\r\n"]
[120.01745, "o", "Question: 29 * 74\r\nYour answer: "]
[128.741142, "o", "2"]
[129.038136, "o", "1"]
[129.581044, "o", "4"]
[129.768088, "o", "6"]
[131.050361, "o", "\r\n"]
[131.050657, "o", "Correct!\r\n"]
[131.051039, "o", "Question: 27 + 94\r\n"]
[131.051466, "o", "Your answer: "]
[138.063574, "o", "1"]
[138.283087, "o", "2"]
[138.846241, "o", "6"]
[139.615487, "o", "\r\n"]
[139.615777, "o", "'126' is wrong answer ;(. Correct answer was '121'.\r\n"]
[139.615991, "o", "Let's try again, Stas!\r\n"]
[139.624638, "o", "\u001b[?2004h\u001b]0;skrynchenko@DESKTOP-R16II9R: ~/frontend-project-44\u0007\u001b[01;32mskrynchenko@DESKTOP-R16II9R\u001b[00m:\u001b[01;34m~/frontend-project-44\u001b[00m$ "]
[146.34144, "o", "b"]
[146.963883, "o", "r"]
[147.108598, "o", "a"]
[147.877855, "o", "i"]
[148.24638, "o", "n"]
[149.26159, "o", "-"]
[150.285009, "o", "c"]
[150.449815, "o", "a"]
[153.438245, "o", "lc "]
[154.150189, "o", "\r\n\u001b[?2004l\r"]
[154.218498, "o", "Welcome to the Brain Games!\r\n"]
[154.221193, "o", "May I have your name? "]
[155.938087, "o", "S"]
[156.583539, "o", "t"]
[156.752741, "o", "a"]
[157.044406, "o", "s"]
[158.119319, "o", "\r\n"]
[158.120117, "o", "Hello, Stas!\r\nWhat is the result of the expression?\r\n"]
[158.120828, "o", "Question: 76 - 70\r\n"]
[158.121126, "o", "Your answer: "]
[162.369575, "o", "6"]
[162.997449, "o", "\r\n"]
[162.997828, "o", "Correct!\r\n"]
[162.998061, "o", "Question: 81 - 95\r\n"]
[162.998148, "o", "Your answer: "]
[171.60135, "o", "-"]
[171.983678, "o", "1"]
[172.396496, "o", "4"]
[173.149764, "o", "\r\n"]
[173.150073, "o", "Correct!\r\n"]
[173.150405, "o", "Question: 4 * 12\r\nYour answer: "]
[175.777223, "o", "4"]
[176.197371, "o", "8"]
[176.844129, "o", "\r\n"]
[176.844451, "o", "Correct!\r\n"]
[176.844652, "o", "Congratulations, Stas!\r\n"]
[176.85312, "o", "\u001b[?2004h\u001b]0;skrynchenko@DESKTOP-R16II9R: ~/frontend-project-44\u0007\u001b[01;32mskrynchenko@DESKTOP-R16II9R\u001b[00m:\u001b[01;34m~/frontend-project-44\u001b[00m$ "]
[187.945757, "o", "echo \"=== Brai"]
[187.94605, "o", "n GCD"]
[187.946683, "o", " Demo  ===\""]
[189.011925, "o", "\r\n\u001b[?2004l\r=== Brain GCD Demo  ===\r\n"]
