{"version": 2, "width": 158, "height": 39, "timestamp": 1774938233, "env": {"SHELL": "/bin/bash", "TERM": "xterm-256color"}}
[0.021258, "o", "\u001b[?2004h\u001b]0;skrynchenko@DESKTOP-R16II9R: ~/frontend-project-44\u0007\u001b[01;32mskrynchenko@DESKTOP-R16II9R\u001b[00m:\u001b[01;34m~/frontend-project-44\u001b[00m$ "]
[4.519467, "o", "d"]
[6.557622, "o", "\b\u001b[K"]
[7.108648, "o", "b"]
[7.807418, "o", "r"]
[7.982322, "o", "a"]
[8.516892, "o", "i"]
[8.983421, "o", "n"]
[10.085705, "o", "-"]
[11.298628, "o", "p"]
[11.459427, "o", "r"]
[12.442247, "o", "\u0007"]
[16.983621, "o", "i"]
[17.547681, "o", "m"]
[17.97621, "o", "e"]
[20.681832, "o", "\r\n\u001b[?2004l\r"]
[20.743766, "o", "Welcome to the Brain Games!\r\n"]
[20.746137, "o", "May I have your name? "]
[22.447515, "o", "S"]
[23.088569, "o", "t"]
[23.236714, "o", "a"]
[23.467796, "o", "t"]
[24.512917, "o", "\b \b"]
[24.798396, "o", "s"]
[25.638022, "o", "\r\n"]
[25.638661, "o", "Hello, Stas!\r\nAnswer \"yes\" if given number is prime. Otherwise answer \"no\".\r\n"]
[25.639057, "o", "Question: 7\r\n"]
[25.639415, "o", "Your answer: "]
[30.483427, "o", "y"]
[30.63975, "o", "e"]
[31.071468, "o", "s"]
[32.09826, "o", "\r\n"]
[32.09872, "o", "Correct!\r\n"]
[32.099068, "o", "Question: 54\r\n"]
[32.099358, "o", "Your answer: "]
[36.142921, "o", "n"]
[36.26852, "o", "o"]
[37.302731, "o", "\r\n"]
[37.303074, "o", "Correct!\r\n"]
[37.303418, "o", "Question: 38\r\nYour answer: "]
[40.47785, "o", "n"]
[40.654644, "o", "o"]
[41.58837, "o", "\r\n"]
[41.588642, "o", "Correct!\r\n"]
[41.589064, "o", "Congratulations, Stas!\r\n"]
[41.596246, "o", "\u001b[?2004h\u001b]0;skrynchenko@DESKTOP-R16II9R: ~/frontend-project-44\u0007\u001b[01;32mskrynchenko@DESKTOP-R16II9R\u001b[00m:\u001b[01;34m~/frontend-project-44\u001b[00m$ "]
[45.375798, "o", "b"]
[45.932645, "o", "r"]
[46.108819, "o", "a"]
[46.836609, "o", "i"]
[47.211485, "o", "n"]
[47.815476, "o", "-"]
[49.401611, "o", "p"]
[49.589147, "o", "r"]
[50.408508, "o", "\u0007"]
[51.974787, "o", "i"]
[53.031212, "o", "m"]
[53.601775, "o", "e"]
[54.516616, "o", "\r\n\u001b[?2004l\r"]
[54.567073, "o", "Welcome to the Brain Games!\r\n"]
[54.569291, "o", "May I have your name? "]
[56.229655, "o", "S"]
[56.849093, "o", "t"]
[56.989229, "o", "a"]
[57.397039, "o", "s"]
[58.218261, "o", "\r\n"]
[58.218919, "o", "Hello, Stas!\r\n"]
[58.219258, "o", "Answer \"yes\" if given number is prime. Otherwise answer \"no\".\r\n"]
[58.219598, "o", "Question: 85\r\nYour answer: "]
[64.911175, "o", "n"]
[65.052025, "o", "o"]
[65.76676, "o", "\r\n"]
[65.76732, "o", "Correct!\r\n"]
[65.767536, "o", "Question: 71\r\n"]
[65.767989, "o", "Your answer: "]
[68.729889, "o", "n"]
[68.859641, "o", "o"]
[69.737239, "o", "\r\n"]
[69.737512, "o", "'no' is wrong answer ;(. Correct answer was 'yes'.\r\nLet's try again, Stas!\r\n"]
[69.74454, "o", "\u001b[?2004h\u001b]0;skrynchenko@DESKTOP-R16II9R: ~/frontend-project-44\u0007\u001b[01;32mskrynchenko@DESKTOP-R16II9R\u001b[00m:\u001b[01;34m~/frontend-project-44\u001b[00m$ "]
[72.021515, "o", "\u001b[?2004l\r\r\nexit\r\n"]
